gsis_id,name,position,team,height,weight,age,college,player_id,season,season_type,completions,attempts,passing_yards,passing_tds,interceptions,sacks,sack_yards,sack_fumbles,sack_fumbles_lost,passing_air_yards,passing_yards_after_catch,passing_first_downs,passing_epa,passing_2pt_conversions,pacr,dakota,carries,rushing_yards,rushing_tds,rushing_fumbles,rushing_fumbles_lost,rushing_first_downs,rushing_epa,rushing_2pt_conversions,receptions,targets,receiving_yards,receiving_tds,receiving_fumbles,receiving_fumbles_lost,receiving_air_yards,receiving_yards_after_catch,receiving_first_downs,receiving_epa,receiving_2pt_conversions,racr,target_share,air_yards_share,wopr_x,special_teams_tds,fantasy_points,fantasy_points_ppr,games,tgt_sh,ay_sh,yac_sh,wopr_y,ry_sh,rtd_sh,rfd_sh,rtdfd_sh,dom,w8dom,yptmpa,ppr_sh
00-0030061,Zach Ertz,TE,WAS,77.0,250.0,34.2,Stanford,00-0030061,2024,REG,0,0,0.0,0,0.0,0.0,0.0,0,0,0.0,0.0,0.0,0.0,0,0.0,0.0,0,0.0,0,0.0,0.0,0.0,0.0,0,66,91,654.0,7,1.0,0.0,686.0,187.0,38.0,28.876541475512305,2,18.99759813306025,3.0367439129223124,3.092115114932669,6.719596449836337,0.0,111.4,177.4,17,0.17333333333333334,0.1718436873747495,0.0990990990990991,0.3974749498997996,0.16632756866734486,0.2413793103448276,0.19791666666666666,0.20361990950226244,0.20385343950608623,0.1813379170028414,1.2457142857142858,0.11077945272202726
00-0030506,Travis Kelce,TE,KCC,77.0,250.0,35.3,Cincinnati,00-0030506,2024,REG,0,0,0.0,0,0.0,0.0,0.0,0,0,0.0,0.0,0.0,0.0,0,0.0,0.0,1,1.0,0,0.0,0.0,0.0,-0.09222689614398405,0,97,133,823.0,3,2.0,1.0,883.0,341.0,46.0,21.573750875772742,0,14.771537866481065,3.7343693051020184,4.033710576953776,8.42515136152067,0.0,98.4,195.4,16,0.2281303602058319,0.23955507325013564,0.1473002159827214,0.5338395989088565,0.20845997973657548,0.11538461538461539,0.21395348837209302,0.2033195020746888,0.16192229756059545,0.18984490686618347,1.411663807890223,0.1352230418956139
00-0032392,Austin Hooper,TE,NEP,76.0,254.0,30.2,Stanford,00-0032392,2024,REG,0,0,0.0,0,0.0,0.0,0.0,0,0,0.0,0.0,0.0,0.0,0,0.0,0.0,0,0.0,0,0.0,0.0,0.0,0.0,0,45,59,476.0,3,2.0,1.0,386.0,225.0,25.0,12.704732686969777,0,27.01440775174646,2.0716316499680865,1.835270424444419,4.392136772063223,0.0,63.6,108.60000000000001,17,0.11153119092627599,0.10036401456058243,0.13227513227513227,0.24758799803787992,0.14238707747532156,0.16666666666666666,0.1497005988023952,0.15135135135135136,0.1545268720709941,0.14724299531359059,0.8998109640831758,0.08909526466051915
00-0033090,Hunter Henry,TE,NEP,77.0,249.0,30.1,Arkansas,00-0033090,2024,REG,0,0,0.0,0,0.0,0.0,0.0,0,0,0.0,0.0,0.0,0.0,0,0.0,0.0,0,0.0,0,0.0,0.0,0.0,0.0,0,66,97,674.0,2,0.0,0.0,682.0,268.0,40.0,24.198654983008804,0,17.54724316269301,3.258139779659161,3.136533101540821,7.082782840567316,0.0,79.4,145.4,16,0.19438877755511022,0.1914117316867808,0.16451810926949048,0.44471255168209,0.21727917472598324,0.11764705882352941,0.26143790849673204,0.24705882352941178,0.16746311677475634,0.19735275154549248,1.3507014028056112,0.1273784910817535
00-0033288,George Kittle,TE,SFO,76.0,250.0,31.3,Iowa,00-0033288,2024,REG,0,0,0.0,0,0.0,0.0,0.0,0,0,0.0,0.0,0.0,0.0,0,0.0,0.0,0,0.0,0,0.0,0.0,0.0,0.0,0,78,94,1106.0,8,0.0,0.0,800.0,522.0,50.0,67.94492774419525,0,22.368920179307267,3.1110439106994106,3.0741067036124052,6.818440558577799,0.0,158.6,236.60000000000002,15,0.19789473684210526,0.19767729182110205,0.2993119266055046,0.45498393872003956,0.27837905864585955,0.42105263157894735,0.27624309392265195,0.29,0.34971584511240345,0.3069137732324771,2.328421052631579,0.18203920844489585
00-0033858,Jonnu Smith,TE,MIA,75.0,248.0,29.4,Florida International,00-0033858,2024,REG,0,0,0.0,0,0.0,0.0,0.0,0,0,0.0,0.0,0.0,0.0,0,0.0,0.0,2,-1.0,0,0.0,0.0,0.0,-1.640453429252375,0,88,111,884.0,8,2.0,1.0,542.0,510.0,55.0,59.70916966191411,0,50.55942344112465,3.2865398345264736,2.5140843973791736,6.689668829955132,0.0,134.3,222.3,17,0.18781725888324874,0.14605227701428186,0.23076923076923078,0.3985677099362986,0.21902874132804756,0.36363636363636365,0.248868778280543,0.25925925925925924,0.2913325524822056,0.2479502657897108,1.4957698815566836,0.156600025360328
00-0033881,Evan Engram,TE,JAC,75.0,240.0,30.4,Mississippi,00-0033881,2024,REG,0,0,0.0,0,0.0,0.0,0.0,0,0,0.0,0.0,0.0,0.0,0,0.0,0.0,0,0.0,0,0.0,0.0,0.0,0.0,0,47,64,365.0,1,1.0,1.0,360.0,150.0,17.0,-0.04276347453713836,1,11.606411933985349,2.2914786967418546,1.4673705250490614,4.464377412647125,0.0,42.5,89.5,9,0.24242424242424243,0.15056461731493098,0.18028846153846154,0.4840880574883084,0.20088057237204182,0.125,0.18888888888888888,0.1836734693877551,0.1629402861860209,0.18570445789763346,1.3825757575757576,0.14419668750402784
00-0033885,David Njoku,TE,CLE,76.0,246.0,28.5,Miami,00-0033885,2024,REG,0,0,0.0,0,0.0,0.0,0.0,0,0,0.0,0.0,0.0,0.0,0,0.0,0.0,0,0.0,0,0.0,0.0,0.0,0.0,0,64,97,505.0,5,0.0,0.0,510.0,251.0,23.0,-7.312480269892635,2,14.424476848492935,2.499704835757388,1.6464704178563823,4.90208654613555,0.0,84.5,148.5,11,0.21896162528216703,0.13858695652173914,0.21361702127659574,0.4393120031406419,0.18009985734664766,0.3333333333333333,0.17424242424242425,0.19047619047619047,0.25671659533999047,0.21074655254398478,1.1399548532731376,0.16004569654904835
00-0034159,Will Dissly,TE,LAC,76.0,265.0,28.5,Washington,00-0034159,2024,REG,0,0,0.0,0,0.0,0.0,0.0,0,0,0.0,0.0,0.0,0.0,0,0.0,0.0,0,0.0,0,0.0,0.0,0.0,0.0,0,50,64,481.0,2,0.0,0.0,295.0,303.0,24.0,15.463689936034317,0,39.42597219959601,2.2575295349904563,1.2464086799564955,4.258780378455231,0.0,60.1,110.1,15,0.14382022471910114,0.07603092783505154,0.20570264765784113,0.27655507934669293,0.14072557050906964,0.10526315789473684,0.15789473684210525,0.15204678362573099,0.12299436420190324,0.1336330879862031,1.0808988764044944,0.09018528530004422
00-0034270,Tyler Conklin,TE,NYJ,75.0,248.0,29.5,Central Michigan,00-0034270,2024,REG,0,0,0.0,0,0.0,0.0,0.0,0,0,0.0,0.0,0.0,0.0,0,0.0,0.0,1,0.0,0,0.0,0.0,0.0,-3.2755141734378412,0,51,72,449.0,4,0.0,0.0,358.0,262.0,24.0,10.081812269940906,1,28.071011222448487,1.9990946807855825,1.5184965589313661,4.06158961243033,0.0,70.9,121.9,16,0.12478336221837089,0.09610738255033557,0.12931885488647582,0.26406094936782476,0.1204722296753421,0.14285714285714285,0.1256544502617801,0.1278538812785388,0.13166468626624248,0.12494921231170225,0.7781629116117851,0.09094435906235544
00-0034351,Dallas Goedert,TE,PHI,77.0,256.0,30.0,South Dakota State,00-0034351,2024,REG,0,0,0.0,0,0.0,0.0,0.0,0,0,0.0,0.0,0.0,0.0,0,0.0,0.0,0,0.0,0,0.0,0.0,0.0,0.0,0,42,52,496.0,2,2.0,0.0,343.0,257.0,20.0,19.366237246305353,0,10.478170252474355,1.9282225945724814,1.724581425889736,4.0995408899815375,0.0,61.599999999999994,103.6,10,0.17993079584775087,0.15576748410535876,0.23174030658250677,0.39451018105591334,0.226691042047532,0.16666666666666666,0.19230769230769232,0.1896551724137931,0.1966788543570993,0.21468616697135892,1.7162629757785468,0.11971066071965056
00-0034364,Jordan Akins,TE,CLE,76.0,245.0,32.7,UCF,00-0034364,2024,REG,0,0,0.0,0,0.0,0.0,0.0,0,0,0.0,0.0,0.0,0.0,0,0.0,0.0,0,0.0,0,0.0,0.0,0.0,0.0,0,40,58,390.0,2,1.0,0.0,339.0,187.0,20.0,10.99355982258735,0,15.877984767170814,1.587244049032338,1.1799370120580668,3.2068219819891537,0.0,51.0,91.0,16,0.09090909090909091,0.06767817927730085,0.11805555555555555,0.19050617978547704,0.10509296685529507,0.10526315789473684,0.11560693641618497,0.11458333333333333,0.10517806237501595,0.10512700506318343,0.6112852664576802,0.07318995608602634
00-0034383,Dalton Schultz,TE,HOU,77.0,242.0,28.5,Stanford,00-0034383,2024,REG,0,0,0.0,0,0.0,0.0,0.0,0,0,0.0,0.0,0.0,0.0,0,0.0,0.0,0,0.0,0,0.0,0.0,0.0,0.0,0,53,85,532.0,2,0.0,0.0,684.0,214.0,26.0,3.325906318572656,0,15.099442536645642,2.6284791632122793,2.643637075082471,5.793264697376148,0.0,65.2,118.2,17,0.14912280701754385,0.1470019342359768,0.12207644038790645,0.3412857579150972,0.1346153846153846,0.1,0.1319796954314721,0.12903225806451613,0.11730769230769231,0.12769230769230772,0.9333333333333333,0.08722088578638999
00-0034753,Mark Andrews,TE,BAL,77.0,250.0,29.3,Oklahoma,00-0034753,2024,REG,0,0,0.0,0,0.0,0.0,0.0,0,0,0.0,0.0,0.0,0.0,0,0.0,0.0,4,5.0,0,0.0,0.0,3.0,3.4461851362721063,0,55,69,673.0,11,0.0,0.0,731.0,188.0,39.0,50.098964800592256,0,17.987759824296184,2.543549252404149,3.0634046423144348,5.959707128226328,0.0,133.8,188.8,17,0.14465408805031446,0.17563671311869294,0.09012464046021093,0.357490502570426,0.16065886846502744,0.2682926829268293,0.19597989949748743,0.20833333333333334,0.21447577569592835,0.1821856313573878,1.4109014675052411,0.10854567197129979
00-0034829,Mike Gesicki,TE,CIN,78.0,245.0,29.3,Penn State,00-0034829,2024,REG,0,0,0.0,0,0.0,0.0,0.0,0,0,0.0,0.0,0.0,0.0,0,0.0,0.0,0,0.0,0,0.0,0.0,0.0,0.0,0,65,83,665.0,2,1.0,1.0,615.0,245.0,38.0,33.76757545628534,0,13.696999317610276,2.107933353648174,2.3259237680878777,4.790046668133775,0.0,76.5,141.5,16,0.1330128205128205,0.1379542395693136,0.117168818747011,0.3098826224246817,0.14118895966029724,0.046511627906976744,0.15637860082304528,0.13986013986013987,0.09385029378363699,0.12225349330963314,1.0657051282051282,0.08315214197567139
00-0035229,T.J. Hockenson,TE,MIN,77.0,245.0,27.5,Iowa,00-0035229,2024,REG,0,0,0.0,0,0.0,0.0,0.0,0,0,0.0,0.0,0.0,0.0,0,0.0,0.0,0,0.0,0,0.0,0.0,0.0,0.0,0,41,62,455.0,0,0.0,0.0,520.0,145.0,30.0,9.4577888110629,0,9.198034340549706,1.813190904277233,1.8363087091958867,4.00520245285297,0.0,45.5,86.5,10,0.17318435754189945,0.1803676725633021,0.12329931972789115,0.40407067436349087,0.1657559198542805,0.0,0.21739130434782608,0.18867924528301888,0.08287795992714025,0.13260473588342442,1.270949720670391,0.09145696764643688
00-0035644,Noah Fant,TE,SEA,76.0,249.0,27.1,Iowa,00-0035644,2024,REG,0,0,0.0,0,0.0,0.0,0.0,0,0,0.0,0.0,0.0,0.0,0,0.0,0.0,0,0.0,0,0.0,0.0,0.0,0.0,0,48,64,500.0,1,0.0,0.0,339.0,277.0,25.0,6.513732459180895,0,15.919625507860802,2.036270453594131,1.4116502623069724,4.042560864006077,0.0,56.0,104.0,14,0.12903225806451613,0.1029143897996357,0.15329275041505258,0.27587989893648274,0.1412030499858797,0.058823529411764705,0.14285714285714285,0.13541666666666666,0.1000132896988222,0.12472714587105671,1.0080645161290323,0.0858340761282229
00-0036040,Juwan Johnson,TE,NOS,76.0,231.0,28.3,Oregon,00-0036040,2024,REG,0,0,0.0,0,0.0,0.0,0.0,0,0,0.0,0.0,0.0,0.0,0,0.0,0.0,0,0.0,0,0.0,0.0,0.0,0.0,0,50,66,548.0,3,2.0,0.0,547.0,212.0,27.0,18.764570713421563,0,19.025279908004944,2.039722934282313,2.154249699481575,4.567559191060572,0.0,72.80000000000001,122.80000000000001,15,0.12941176470588237,0.13247759748123034,0.12825166364186327,0.30009972504380783,0.16382660687593423,0.16666666666666666,0.17763157894736842,0.17647058823529413,0.16524663677130044,0.1643946188340807,1.0745098039215686,0.10435078178110131
00-0036244,Colby Parkinson,TE,LAR,79.0,265.0,26.0,Stanford,00-0036244,2024,REG,0,0,0.0,0,0.0,0.0,0.0,0,0,0.0,0.0,0.0,0.0,0,0.0,0.0,0,0.0,0,0.0,0.0,0.0,0.0,0,30,49,294.0,1,0.0,0.0,263.0,160.0,15.0,3.1986356199332215,0,24.50055640988961,1.5539585822641855,1.0701017535429866,3.080009100876369,0.0,35.4,65.4,15,0.1044776119402985,0.0778567199526347,0.09248554913294797,0.21900179387255553,0.08388017118402283,0.05,0.09202453987730061,0.08743169398907104,0.06694008559201142,0.07710413694721827,0.6268656716417911,0.052852755778244706
00-0036290,Cole Kmet,TE,CHI,78.0,260.0,25.8,Notre Dame,00-0036290,2024,REG,0,0,0.0,0,0.0,0.0,0.0,0,0,0.0,0.0,0.0,0.0,0,0.0,0.0,0,0.0,0,0.0,0.0,0.0,0.0,0,47,55,474.0,4,0.0,0.0,393.0,181.0,25.0,27.909952066424175,1,18.02022751751317,1.6462208580424864,1.5743818638721694,3.571398591774248,0.0,73.4,120.4,14,0.11627906976744186,0.10279884907140989,0.1124922311995028,0.2566576839082907,0.15424666449723398,0.2222222222222222,0.1724137931034483,0.17791411042944785,0.1882344433597281,0.16784177604223163,1.0021141649048626,0.10611482258377253
00-0036637,Noah Gray,TE,KCC,75.0,240.0,25.7,Duke,00-0036637,2024,REG,0,0,0.0,0,0.0,0.0,0.0,0,0,0.0,0.0,0.0,0.0,0,0.0,0.0,1,-4.0,0,0.0,0.0,0.0,-1.4838600812945515,0,40,49,437.0,5,0.0,0.0,309.0,210.0,25.0,23.17624328713282,0,18.791622678878056,1.4736033145296712,1.3032638177706002,3.122689644233927,0.0,73.3,113.3,16,0.08521739130434783,0.08346839546191248,0.09379187137114783,0.19460080332605173,0.11219512195121951,0.20833333333333334,0.1179245283018868,0.1271186440677966,0.16026422764227644,0.1314227642276423,0.76,0.08073250676927461
00-0036894,Pat Freiermuth,TE,PIT,77.0,258.0,26.2,Penn State,00-0036894,2024,REG,0,0,0.0,0,0.0,0.0,0.0,0,0,0.0,0.0,0.0,0.0,0,0.0,0.0,0,0.0,0,0.0,0.0,0.0,0.0,0,65,78,653.0,7,3.0,2.0,477.0,279.0,32.0,35.90123255502623,0,27.45430286427594,2.881395044126521,2.397727606769749,6.000501890928605,0.0,103.3,168.3,17,0.156312625250501,0.1208819057273188,0.16929611650485438,0.3311744624576065,0.18103687274743555,0.3333333333333333,0.20253164556962025,0.21787709497206703,0.25718510304038444,0.2114961648646151,1.308617234468938,0.12839683242039093
00-0036970,Kyle Pitts,TE,ATL,78.0,250.0,24.3,Florida,00-0036970,2024,REG,0,0,0.0,0,0.0,0.0,0.0,0,0,0.0,0.0,0.0,0.0,0,0.0,0.0,0,0.0,0,0.0,0.0,0.0,0.0,0,47,74,602.0,4,0.0,0.0,623.0,272.0,21.0,6.943506225681472,0,24.653639513866743,2.363851812879041,2.551406814166145,5.331762489234863,0.0,84.2,131.2,17,0.13237924865831843,0.13949843260188088,0.13891726251276812,0.3101676190689824,0.14055568526733597,0.19047619047619047,0.10606060606060606,0.1141552511415525,0.16551593787176322,0.1505397863091069,1.0769230769230769,0.0892808536120638
00-0037744,Trey McBride,TE,ARI,76.0,246.0,25.1,Colorado State,00-0037744,2024,REG,0,0,0.0,0,0.0,0.0,0.0,0,0,0.0,0.0,0.0,0.0,0,0.0,0.0,1,2.0,1,0.0,0.0,1.0,0.6010563303134404,0,111,147,1146.0,2,0.0,0.0,902.0,513.0,63.0,49.07139341937156,0,21.92788323965167,4.583184962912161,4.262653291128686,9.858634748158321,0.0,132.8,243.8,16,0.2821497120921305,0.253513209668353,0.2684458398744113,0.6260351358728782,0.3083131557707829,0.1,0.3387096774193548,0.3155339805825243,0.20415657788539143,0.2666505246166263,2.199616122840691,0.17649017649017648
00-0037809,Chigoziem Okonkwo,TE,TEN,75.0,238.0,25.3,Maryland,00-0037809,2024,REG,0,0,0.0,0,0.0,0.0,0.0,0,0,0.0,0.0,0.0,0.0,0,0.0,0.0,1,17.0,0,0.0,0.0,1.0,1.0823608972132206,0,52,70,479.0,2,2.0,1.0,415.0,249.0,20.0,-8.388308787032997,1,43.08570471295846,2.256789644741961,1.7612312938181631,4.618046372785655,0.0,61.6,113.60000000000001,16,0.1388888888888889,0.10437625754527163,0.16689008042895442,0.29183433936955067,0.14188388625592416,0.09523809523809523,0.12903225806451613,0.125,0.1185609907470097,0.13255472805235838,0.9503968253968254,0.09549107292962576
00-0037838,Isaiah Likely,TE,BAL,76.0,247.0,24.7,Coastal Carolina,00-0037838,2024,REG,0,0,0.0,0,0.0,0.0,0.0,0,0,0.0,0.0,0.0,0.0,0,0.0,0.0,0,0.0,0,0.0,0.0,0.0,0.0,0,42,58,477.0,6,1.0,1.0,467.0,256.0,26.0,27.70649973336768,0,62.80896073771333,1.9979127205035245,1.9492971383901934,4.361377077628422,0.0,81.7,123.7,15,0.13744075829383887,0.12652397724193987,0.13897937024972856,0.3073803192343102,0.12815690488984416,0.17142857142857143,0.1452513966480447,0.14953271028037382,0.1497927381592078,0.1368112381975896,1.1303317535545023,0.0812810471259232
00-0038041,Jake Ferguson,TE,DAL,77.0,244.0,26.0,Wisconsin,00-0038041,2024,REG,0,0,0.0,0,0.0,0.0,0.0,0,0,0.0,0.0,0.0,0.0,0,0.0,0.0,0,0.0,0,0.0,0.0,0.0,0.0,0,59,86,494.0,0,4.0,2.0,360.0,309.0,18.0,-12.711065217071749,0,20.573224709978362,2.4325166331107164,1.3201006976369423,4.572845438011934,0.0,45.400000000000006,104.4,14,0.16318785578747627,0.09287925696594428,0.18910648714810283,0.31908518925396984,0.14741868099074903,0.0,0.11464968152866242,0.10227272727272728,0.07370934049537452,0.11793494479259924,0.937381404174573,0.09316936477055707
00-0038129,Cade Otton,TE,TBB,77.0,247.0,25.7,Washington,00-0038129,2024,REG,0,0,0.0,0,0.0,0.0,0.0,0,0,0.0,0.0,0.0,0.0,0,0.0,0.0,1,-4.0,0,0.0,0.0,0.0,-1.3158101737499237,0,59,87,600.0,4,2.0,1.0,471.0,311.0,31.0,12.532692278894636,0,20.22186164596879,2.581190935992784,2.217789512025847,5.424239062407269,0.0,81.60000000000001,140.6,14,0.1875,0.1551383399209486,0.14781368821292776,0.4053606719367589,0.16565433462175594,0.125,0.17032967032967034,0.16355140186915887,0.14532716731087797,0.15752346769740475,1.293103448275862,0.10005123534099966
00-0038933,Dalton Kincaid,TE,BUF,76.0,240.0,25.2,Utah,00-0038933,2024,REG,0,0,0.0,0,0.0,0.0,0.0,0,0,0.0,0.0,0.0,0.0,0,0.0,0.0,0,0.0,0,0.0,0.0,0.0,0.0,0,44,75,448.0,2,1.0,0.0,573.0,274.0,23.0,14.806048939535463,0,18.79612347969491,2.6253173016666267,2.3793693328498886,5.603534485494862,0.0,56.800000000000004,100.8,13,0.19083969465648856,0.18047244094488188,0.16407185628742516,0.4306374947406384,0.1467409105797576,0.08695652173913043,0.16428571428571428,0.15337423312883436,0.11684871615944402,0.13478403281163218,1.1399491094147582,0.08437123342707914
00-0038935,Brenton Strange,TE,JAC,76.0,253.0,24.0,Penn State,00-0038935,2024,REG,0,0,0.0,0,0.0,0.0,0.0,0,0,0.0,0.0,0.0,0.0,0,0.0,0.0,0,0.0,0,0.0,0.0,0.0,0.0,0,40,53,411.0,2,1.0,1.0,341.0,183.0,21.0,18.947213858897367,0,16.883951571039088,1.600595765426587,1.2202608204577343,3.2550762224602945,0.0,51.1,91.1,14,0.11181434599156118,0.08554942298043151,0.11685823754789272,0.236161057371687,0.12871907297212654,0.11764705882352941,0.14189189189189189,0.1393939393939394,0.12318306589782797,0.12650467014240713,0.8670886075949367,0.08541799497430896
00-0038996,Tucker Kraft,TE,GBP,77.0,259.0,24.2,South Dakota State,00-0038996,2024,REG,0,0,0.0,0,0.0,0.0,0.0,0,0,0.0,0.0,0.0,0.0,0,0.0,0.0,3,6.0,0,0.0,0.0,3.0,3.2640411788597703,0,50,70,707.0,7,1.0,1.0,374.0,456.0,30.0,36.196027360845626,1,75.77621439915121,2.5670852258958283,1.5371273732938664,4.926617000149449,0.0,113.30000000000001,163.3,17,0.14613778705636743,0.08932409839980893,0.23651452282157676,0.2906659593043983,0.1794871794871795,0.25,0.17543859649122806,0.18592964824120603,0.21474358974358976,0.19358974358974362,1.475991649269311,0.10864503080382687
00-0039065,Sam LaPorta,TE,DET,75.0,245.0,24.0,Iowa,00-0039065,2024,REG,0,0,0.0,0,0.0,0.0,0.0,0,0,0.0,0.0,0.0,0.0,0,0.0,0.0,0,0.0,0,0.0,0.0,0.0,0.0,0,60,83,726.0,7,0.0,0.0,580.0,343.0,39.0,31.423356847606563,0,37.59713838059109,2.802456975749653,2.8457503284296504,6.195710693525235,0.0,114.60000000000001,174.6,16,0.16023166023166024,0.1788467468393463,0.14103618421052633,0.38342488781896744,0.17006324666198172,0.2,0.17727272727272728,0.1803921568627451,0.18503162333099088,0.1760505973295854,1.4015444015444016,0.10412318261512588
00-0039338,Brock Bowers,TE,LVR,76.0,230.0,22.1,Georgia,00-0039338,2024,REG,0,0,0.0,0,0.0,0.0,0.0,0,0,0.0,0.0,0.0,0.0,0,0.0,0.0,5,13.0,0,0.0,0.0,2.0,-0.8622522107325494,0,112,153,1194.0,5,0.0,0.0,923.0,596.0,61.0,27.10558140553514,0,23.526103310715165,4.34115027663621,3.9416350248810357,9.27086993237104,0.0,150.70000000000002,262.7,17,0.2409448818897638,0.20718294051627384,0.2891800097040272,0.5271636752476647,0.29001700267184843,0.2631578947368421,0.291866028708134,0.2894736842105263,0.27658744870434526,0.28464518108484715,1.8803149606299212,0.19900309072177444
00-0024243,Marcedes Lewis,TE,CHI,78.0,267.0,40.6,UCLA,00-0024243,2024,REG,0,0,0.0,0,0.0,0.0,0.0,0,0,0.0,0.0,0.0,0.0,0,0.0,0.0,0,0.0,0,0.0,0.0,0.0,0.0,0,1,1,2.0,0,0.0,0.0,1.0,1.0,1.0,0.06460474291816354,0,2.0,0.038461538461538464,0.009708737864077669,0.06448842419716207,0.0,0.2,1.2,1,0.034482758620689655,0.009433962264150943,0.006756756756756757,0.059271307742355235,0.008849557522123894,0.0,0.07142857142857142,0.05555555555555555,0.004424778761061947,0.007079646017699115,0.06896551724137931,0.010541110330288123
00-0031299,Jordan Matthews,TE,CAR,75.0,236.0,32.5,Vanderbilt,00-0031299,2024,REG,0,0,0.0,0,0.0,0.0,0.0,0,0,0.0,0.0,0.0,0.0,0,0.0,0.0,0,0.0,0,0.0,0.0,0.0,0.0,0,0,1,0.0,0,0.0,0.0,16.0,0.0,0.0,-0.5819352744147182,0,0.0,0.034482758620689655,0.045454545454545456,0.0835423197492163,0.0,0.0,0.0,1,0.03225806451612903,0.04177545691906005,0.0,0.08180746230944158,0.0,,0.0,0.0,,,0.0,0.0
00-0031484,Chris Manhertz,TE,NYG,78.0,235.0,32.8,Canisius,00-0031484,2024,REG,0,0,0.0,0,0.0,0.0,0.0,0,0,0.0,0.0,0.0,0.0,0,0.0,0.0,0,0.0,0,0.0,0.0,0.0,0.0,0,3,4,30.0,1,0.0,0.0,15.0,19.0,2.0,2.54974747763481,0,10.714285714285715,0.14665739665739666,0.08011194705150505,0.2760644579221485,0.0,9.0,12.0,4,0.034482758620689655,0.01847290640394089,0.045563549160671464,0.0665024630541872,0.03389830508474576,0.14285714285714285,0.058823529411764705,0.07317073170731707,0.0883777239709443,0.05569007263922518,0.25862068965517243,0.03498542274052478
00-0031585,MyCole Pruitt,TE,PIT,74.0,258.0,32.8,Southern Illinois,00-0031585,2024,REG,0,0,0.0,0,0.0,0.0,0.0,0,0,0.0,0.0,0.0,0.0,0,0.0,0.0,0,0.0,0,0.0,0.0,0.0,0.0,0,6,10,40.0,1,0.0,0.0,33.0,16.0,2.0,-8.00059991175834,0,6.246753246753247,0.36833074333074334,0.16461048559768987,0.6677234549144979,0.0,10.0,16.0,6,0.05649717514124294,0.023554603854389723,0.025236593059936908,0.10358944579537618,0.028208744710860368,0.09090909090909091,0.03076923076923077,0.039473684210526314,0.05955891780997564,0.04074881395050648,0.22598870056497175,0.031090902024794993
00-0031690,Eric Tomlinson,TE,LAC,78.0,263.0,32.7,UTEP,00-0031690,2024,REG,0,0,0.0,0,0.0,0.0,0.0,0,0,0.0,0.0,0.0,0.0,0,0.0,0.0,0,0.0,0,0.0,0.0,0.0,0.0,0,2,4,9.0,0,0.0,0.0,8.0,12.0,0.0,-1.827133686516776,0,0.0,0.15145347776926724,0.050837538305568995,0.2627664934677992,0.0,0.9000000000000001,2.9000000000000004,4,0.03389830508474576,0.008064516129032258,0.027210884353741496,0.057299070530344456,0.008653846153846154,0.0,0.0,0.0,0.004326923076923077,0.006923076923076924,0.07627118644067797,0.008233957978421351
00-0032141,Geoff Swaim,TE,CLE,76.0,260.0,31.3,Texas,00-0032141,2024,REG,0,0,0.0,0,0.0,0.0,0.0,0,0,0.0,0.0,0.0,0.0,0,0.0,0.0,0,0.0,0,0.0,0.0,0.0,0.0,0,1,1,7.0,0,0.0,0.0,2.0,5.0,0.0,0.3116975899320096,0,3.5,0.024390243902439025,0.004866180048661801,0.0399916918877218,0.0,0.7000000000000001,1.7000000000000002,1,0.024390243902439025,0.004866180048661801,0.07352941176470588,0.04047830989258798,0.020958083832335328,0.0,0.0,0.0,0.010479041916167664,0.016766467065868262,0.17073170731707318,0.015488338192419826
00-0032394,Nick Vannett,TE,TEN,77.0,257.0,31.8,Ohio State,00-0032394,2024,REG,0,0,0.0,0,0.0,0.0,0.0,0,0,0.0,0.0,0.0,0.0,0,0.0,0.0,0,0.0,0,0.0,0.0,0.0,0.0,0,17,20,135.0,3,0.0,0.0,22.0,110.0,7.0,1.8264569420716725,0,8.5125,0.6405945986102386,0.082097432282072,1.0183601005128082,0.0,31.5,48.5,12,0.05037783375314862,0.006758832565284178,0.08935824532900082,0.08097381668195028,0.04826599928494816,0.1875,0.056451612903225805,0.07142857142857142,0.11788299964247408,0.07611279942795854,0.34005037783375314,0.05343881531104696
00-0033110,Tyler Higbee,TE,LAR,78.0,255.0,32.0,Western Kentucky,00-0033110,2024,REG,0,0,0.0,0,0.0,0.0,0.0,0,0,0.0,0.0,0.0,0.0,0,0.0,0.0,0,0.0,0,0.0,0.0,0.0,0.0,0,8,12,66.0,2,0.0,0.0,26.0,48.0,5.0,4.95815538212698,0,6.690476190476191,0.387406015037594,0.20184844231823693,0.7224029321791567,0.0,18.6,26.6,3,0.13043478260869565,0.05405405405405406,0.11650485436893204,0.2388954171562867,0.10426540284360189,0.6666666666666666,0.16129032258064516,0.20588235294117646,0.38546603475513425,0.21674565560821485,0.717391304347826,0.12487090414045632
00-0033217,Mo Alie-Cox,TE,IND,77.0,267.0,31.3,Virginia Commonwealth,00-0033217,2024,REG,0,0,0.0,0,0.0,0.0,0.0,0,0,0.0,0.0,0.0,0.0,0,0.0,0.0,0,0.0,0,0.0,0.0,0.0,0.0,0,12,22,147.0,1,0.0,0.0,211.0,49.0,7.0,7.8816694781509895,0,7.831129241129241,0.8431202339521524,0.7051283857198883,1.7582702209321504,0.0,20.7,32.7,12,0.061971830985915494,0.0541025641025641,0.04609595484477893,0.13623979776092454,0.05730994152046784,0.0625,0.06363636363636363,0.06349206349206349,0.05990497076023392,0.058347953216374274,0.4140845070422535,0.03377401363354679
00-0033246,Johnny Mundt,TE,MIN,76.0,242.0,30.1,Oregon,00-0033246,2024,REG,0,0,0.0,0,0.0,0.0,0.0,0,0,0.0,0.0,0.0,0.0,0,0.0,0.0,0,0.0,0,0.0,0.0,0.0,0.0,0,19,27,142.0,2,0.0,0.0,115.0,83.0,8.0,4.871185683919329,0,35.85142679900744,1.0131719433906603,0.49092508290055353,1.8634054731163778,0.0,26.2,45.2,13,0.0665024630541872,0.033449680046538685,0.059841384282624366,0.12651343861851175,0.042024267534773604,0.07407407407407407,0.049689440993788817,0.05319148936170213,0.05804917080442384,0.0484342288426337,0.3497536945812808,0.038564578605190865
00-0033439,Pharaoh Brown,TE,SEA,77.0,246.0,30.7,Oregon,00-0033439,2024,REG,0,0,0.0,0,0.0,0.0,0.0,0,0,0.0,0.0,0.0,0.0,0,0.0,0.0,0,0.0,0,0.0,0.0,0.0,0.0,0,8,12,65.0,0,1.0,1.0,51.0,30.0,2.0,-6.4712760925380906,0,7.635606060606061,0.3681238518583997,0.23617890918514495,0.717511014217201,0.0,4.5,12.5,8,0.041666666666666664,0.031384615384615386,0.02510460251046025,0.0876076923076923,0.03044496487119438,0.0,0.0196078431372549,0.018018018018018018,0.01522248243559719,0.024355971896955503,0.22569444444444445,0.01763046544428773
00-0033576,Eric Saubert,TE,SFO,77.0,248.0,30.7,Drake,00-0033576,2024,REG,0,0,0.0,0,0.0,0.0,0.0,0,0,0.0,0.0,0.0,0.0,0,0.0,0.0,0,0.0,0,0.0,0.0,0.0,0.0,0,11,14,97.0,1,1.0,0.0,94.0,35.0,5.0,1.9062323512899517,0,7.869047619047619,0.41541698955492057,0.340538894740493,0.8615027106507259,0.0,15.7,26.7,8,0.05363984674329502,0.045454545454545456,0.04151838671411625,0.11682340647857889,0.044824399260628464,0.08333333333333333,0.047619047619047616,0.05128205128205128,0.0640788662969809,0.05252618607516944,0.3716475095785441,0.03690597959804274
00-0033895,Gerald Everett,TE,CHI,75.0,252.0,30.5,South Alabama,00-0033895,2024,REG,0,0,0.0,0,0.0,0.0,0.0,0,0,0.0,0.0,0.0,0.0,0,0.0,0.0,0,0.0,0,0.0,0.0,0.0,0.0,0,8,13,36.0,0,0.0,0.0,35.0,41.0,1.0,-1.4730791777255945,0,9.15,0.44194593446621844,0.11556111711700914,0.7438116836812341,0.0,3.6000000000000005,11.6,9,0.042071197411003236,0.013451191391237509,0.039805825242718446,0.07386774922949486,0.018329938900203666,0.0,0.010638297872340425,0.009615384615384616,0.009164969450101833,0.014663951120162933,0.11650485436893204,0.016785807310508494
00-0034073,Ross Dwelley,TE,ATL,77.0,245.0,30.0,San Diego,00-0034073,2024,REG,0,0,0.0,0,0.0,0.0,0.0,0,0,0.0,0.0,0.0,0.0,0,0.0,0.0,0,0.0,0,0.0,0.0,0.0,0.0,0,1,1,5.0,0,0.0,0.0,1.0,4.0,0.0,0.13682030281051993,0,5.0,0.034482758620689655,0.00423728813559322,0.05469023962594974,0.0,0.5,1.5,1,0.03225806451612903,0.004329004329004329,0.0425531914893617,0.05185030023739701,0.025380710659898477,,0.0,0.0,,,0.16129032258064516,0.029655990510083035
00-0034365,Ian Thomas,TE,CAR,76.0,260.0,28.6,Indiana,00-0034365,2024,REG,0,0,0.0,0,0.0,0.0,0.0,0,0,0.0,0.0,0.0,0.0,0,0.0,0.0,0,0.0,0,0.0,0.0,0.0,0.0,0,3,6,7.0,0,0.0,0.0,24.0,6.0,1.0,-5.12451348482864,0,1.5,0.2387281399046105,0.08679937735055845,0.41885177400230666,0.0,0.7000000000000001,3.7,3,0.07407407407407407,0.04878048780487805,0.03773584905660377,0.15013550135501355,0.016055045871559634,0.0,0.043478260869565216,0.038461538461538464,0.008027522935779817,0.012844036697247707,0.08641975308641975,0.01981364463960587
00-0034613,Tanner Hudson,TE,CIN,77.0,241.0,30.2,Southern Arkansas,00-0034613,2024,REG,0,0,0.0,0,0.0,0.0,0.0,0,0,0.0,0.0,0.0,0.0,0,0.0,0.0,1,1.0,0,0.0,0.0,1.0,1.7575121510308236,0,19,23,154.0,1,1.0,1.0,98.0,97.0,9.0,6.326331257354468,0,21.05128205128205,0.5809783951768193,0.3676424351097072,1.1288172973420239,0.0,19.5,38.5,9,0.06318681318681318,0.03811746402178141,0.07931316434995912,0.12527419099764492,0.059094397544128936,0.041666666666666664,0.06976744186046512,0.06535947712418301,0.0503805321053978,0.05560885136863648,0.4230769230769231,0.041078058981690924
00-0034798,Durham Smythe,TE,MIA,78.0,246.0,29.4,Notre Dame,00-0034798,2024,REG,0,0,0.0,0,0.0,0.0,0.0,0,0,0.0,0.0,0.0,0.0,0,0.0,0.0,0,0.0,0,0.0,0.0,0.0,0.0,0,9,17,53.0,0,0.0,0.0,94.0,16.0,1.0,-3.6345423443414937,0,10.242857142857142,0.49460283958881435,0.4161900570397307,1.033237299311033,0.0,5.300000000000001,14.3,13,0.03549060542797495,0.031554212823095,0.00866738894907909,0.07847927840043843,0.015963855421686747,0.0,0.005494505494505495,0.004975124378109453,0.007981927710843374,0.012771084337349399,0.11064718162839249,0.012538360368259536
00-0034830,Hayden Hurst,TE,LAC,76.0,245.0,31.4,South Carolina,00-0034830,2024,REG,0,0,0.0,0,0.0,0.0,0.0,0,0,0.0,0.0,0.0,0.0,0,0.0,0.0,0,0.0,0,0.0,0.0,0.0,0.0,0,8,13,73.0,0,0.0,0.0,62.0,20.0,2.0,-4.841556945582852,0,7.164516129032258,0.5689878542510122,0.38221801592003235,1.1210343925205408,0.0,7.300000000000001,15.3,7,0.07692307692307693,0.04847537138389367,0.027510316368638238,0.15416491249173034,0.054804804804804805,0.0,0.03225806451612903,0.027777777777777776,0.027402402402402402,0.04384384384384385,0.4319526627218935,0.028577832567522134
00-0034981,Foster Moreau,TE,NOS,76.0,250.0,27.7,LSU,00-0034981,2024,REG,0,0,0.0,0,0.0,0.0,0.0,0,0,0.0,0.0,0.0,0.0,0,0.0,0.0,0,0.0,0,0.0,0.0,0.0,0.0,0,32,43,413.0,5,0.0,0.0,397.0,158.0,21.0,19.917017050887303,0,17.58069551513704,1.432736423207628,1.6906101634065054,3.332531749195996,0.0,71.3,103.3,15,0.08617234468937876,0.09673489278752437,0.09930861093651791,0.20664643126408766,0.1271551724137931,0.2631578947368421,0.14189189189189189,0.15568862275449102,0.1951565335753176,0.15435571687840288,0.8276553106212425,0.09085152415964538
00-0035249,Josh Oliver,TE,MIN,77.0,265.0,27.8,San Jose State,00-0035249,2024,REG,0,0,0.0,0,0.0,0.0,0.0,0,0,0.0,0.0,0.0,0.0,0,0.0,0.0,0,0.0,0,0.0,0.0,0.0,0.0,0,22,28,258.0,3,0.0,0.0,218.0,129.0,14.0,16.962974843394477,0,15.186008436008436,0.9190733381122397,0.8600271276722643,1.9806289965389445,0.0,43.8,65.8,11,0.08211143695014662,0.07579972183588317,0.12297426120114395,0.18380693289392647,0.09481808158765159,0.12,0.10526315789473684,0.10759493670886076,0.1074090407938258,0.09985446527012129,0.7565982404692082,0.06625450591054635
00-0035547,Jody Fortson,TE,KCC,76.0,226.0,29.1,Valdosta State,00-0035547,2024,REG,0,0,0.0,0,0.0,0.0,0.0,0,0,0.0,0.0,0.0,0.0,0,0.0,0.0,0,0.0,0,0.0,0.0,0.0,0.0,0,1,3,5.0,0,0.0,0.0,4.0,2.0,1.0,-5.6672188707161695,0,1.6666666666666667,0.09798319327731092,0.020468900209338472,0.1613030200625033,0.0,0.5,1.5,3,0.028846153846153848,0.00631911532385466,0.004366812227074236,0.0483245230283145,0.006693440428380187,0.0,0.023255813953488372,0.022222222222222223,0.0033467202141900937,0.005354752342704151,0.04807692307692308,0.005553909952606634
00-0035631,Drew Sample,TE,CIN,77.0,260.0,28.7,Washington,00-0035631,2024,REG,0,0,0.0,0,0.0,0.0,0.0,0,0,0.0,0.0,0.0,0.0,0,0.0,0.0,1,-4.0,0,0.0,0.0,0.0,-1.4794510941719636,0,20,22,109.0,1,1.0,0.0,34.0,81.0,8.0,4.7640059483237565,0,18.67738095238095,0.587037744346502,0.11891462116695073,0.9637968513366185,0.0,16.5,36.5,11,0.05176470588235294,0.01169993117687543,0.055823569951757405,0.08700700376502976,0.034406565656565656,0.03333333333333333,0.049079754601226995,0.046632124352331605,0.033869949494949494,0.03419191919191919,0.2564705882352941,0.03139460872856135
00-0035689,Dawson Knox,TE,BUF,76.0,254.0,28.2,Ole Miss,00-0035689,2024,REG,0,0,0.0,0,0.0,0.0,0.0,0,0,0.0,0.0,0.0,0.0,0,0.0,0.0,0,0.0,0,0.0,0.0,0.0,0.0,0,22,33,311.0,1,0.0,0.0,316.0,94.0,12.0,10.105993749399204,0,12.856926354629563,1.1066263877476692,1.5084240492511731,2.715836416097325,0.0,37.1,59.1,14,0.07517084282460136,0.08959455628012475,0.049578059071729956,0.18443190926100184,0.08787793161910144,0.037037037037037035,0.07317073170731707,0.06806282722513089,0.06245748432806924,0.07770975270268857,0.7084282460136674,0.0425804778235684
00-0036232,Harrison Bryant,TE,LVR,77.0,230.0,26.7,Florida Atlantic,00-0036232,2024,REG,0,0,0.0,0,0.0,0.0,0.0,0,0,0.0,0.0,0.0,0.0,0,0.0,0.0,0,0.0,0,0.0,0.0,0.0,0.0,0,9,12,86.0,0,0.0,0.0,41.0,71.0,5.0,-0.27764034923166037,0,22.096153846153847,0.3658891033891034,0.19646044017573297,0.6863559632066681,0.0,8.600000000000001,17.6,5,0.0670391061452514,0.033091202582728005,0.12412587412587413,0.1270316212840595,0.08293153326904533,0.0,0.09259259259259259,0.08771929824561403,0.041465766634522665,0.06634522661523627,0.48044692737430167,0.0520740872240961
00-0036332,Josiah Deguara,TE,JAC,74.0,238.0,27.9,Cincinnati,00-0036332,2024,REG,0,0,0.0,0,0.0,0.0,0.0,0,0,0.0,0.0,0.0,0.0,0,0.0,0.0,0,0.0,0,0.0,0.0,0.0,0.0,0,3,3,14.0,0,0.0,0.0,2.0,12.0,0.0,-1.31369275925681,0,6.0,0.08071046600458365,0.0061340437413602115,0.12535952962582764,0.0,1.4000000000000001,4.4,3,0.025210084033613446,0.0025906735751295338,0.030379746835443037,0.0398876649105238,0.017114914425427872,0.0,0.0,0.0,0.008557457212713936,0.013691931540342298,0.11764705882352941,0.01638611649039178
00-0036422,Adam Trautman,TE,DEN,77.0,253.0,27.9,Dayton,00-0036422,2024,REG,0,0,0.0,0,0.0,0.0,0.0,0,0,0.0,0.0,0.0,0.0,0,0.0,0.0,0,0.0,0,0.0,0.0,0.0,0.0,0,13,22,188.0,2,0.0,0.0,125.0,98.0,8.0,5.873607747751521,0,26.271881354329217,0.6826686358765905,0.4890568099750733,1.366342720797437,0.0,30.8,43.8,13,0.049107142857142856,0.04087638979725311,0.05850746268656717,0.10636182612351677,0.06340640809443508,0.08695652173913043,0.058823529411764705,0.06289308176100629,0.07518146491678276,0.06811643082337415,0.41964285714285715,0.03875763206795858
00-0036429,Charlie Woerner,TE,ATL,77.0,250.0,27.2,Georgia,00-0036429,2024,REG,0,0,0.0,0,0.0,0.0,0.0,0,0,0.0,0.0,0.0,0.0,0,0.0,0.0,0,0.0,0,0.0,0.0,0.0,0.0,0,7,12,46.0,0,0.0,0.0,35.0,21.0,3.0,-5.707397807738744,0,8.716666666666667,0.49603515647565993,0.19492455004746143,0.8804999197467128,0.0,4.6000000000000005,11.6,8,0.04838709677419355,0.017064846416382253,0.02530120481927711,0.08623252229439612,0.024691358024691357,0.0,0.03488372093023256,0.03225806451612903,0.012345679012345678,0.019753086419753086,0.18548387096774194,0.01843552334636534
00-0036438,Stephen Sullivan,TE,CAR,77.0,245.0,28.1,Louisiana State,00-0036438,2024,REG,0,0,0.0,0,0.0,0.0,0.0,0,0,0.0,0.0,0.0,0.0,0,0.0,0.0,0,0.0,0,0.0,0.0,0.0,0.0,0,0,1,0.0,0,0.0,0.0,16.0,0.0,0.0,-0.5321595503482968,0,0.0,0.024390243902439025,0.0399002493765586,0.06451554041724956,0.0,0.0,0.0,1,0.021739130434782608,0.036281179138321996,0.0,0.06163363896283151,0.0,0.0,0.0,0.0,0.0,0.0,0.0,0.0
00-0036510,Kenny Yeboah,TE,NYJ,76.0,250.0,26.2,Mississippi,00-0036510,2024,REG,0,0,0.0,0,0.0,0.0,0.0,0,0,0.0,0.0,0.0,0.0,0,0.0,0.0,0,0.0,0,0.0,0.0,0.0,0.0,0,5,8,47.0,1,0.0,0.0,37.0,34.0,3.0,2.718543706985656,0,18.53846153846154,0.24150429890835898,0.22485163877315287,0.5196525955037454,0.0,10.7,15.7,6,0.03864734299516908,0.03306523681858802,0.04533333333333334,0.08442320394762404,0.03697875688434304,0.08333333333333333,0.046153846153846156,0.05194805194805195,0.06015604510883818,0.046249672174141096,0.22705314009661837,0.0316890037138705
00-0036534,Shane Zylstra,TE,DET,76.0,244.0,28.2,Minn State-Mankato,00-0036534,2024,REG,0,0,0.0,0,0.0,0.0,0.0,0,0,0.0,0.0,0.0,0.0,0,0.0,0.0,0,0.0,0,0.0,0.0,0.0,0.0,0,1,1,22.0,0,0.0,0.0,9.0,13.0,1.0,1.243641886394471,0,2.4444444444444446,0.03225806451612903,0.03488372093023256,0.07280570142535633,0.0,2.2,3.2,1,0.030303030303030304,0.036885245901639344,0.05485232067510549,0.07496274217585694,0.04899777282850779,0.0,0.045454545454545456,0.038461538461538464,0.024498886414253896,0.039198218262806235,0.6666666666666666,0.01910904096500657
00-0036556,Brevin Jordan,TE,HOU,75.0,245.0,24.5,Miami (FL),00-0036556,2024,REG,0,0,0.0,0,0.0,0.0,0.0,0,0,0.0,0.0,0.0,0.0,0,0.0,0.0,0,0.0,0,0.0,0.0,0.0,0.0,0,2,3,7.0,0,0.0,0.0,1.0,3.0,1.0,1.45120431156829,0,1.3333333333333333,0.09392789373814042,0.003563390847711928,0.14338621420060899,0.0,0.7000000000000001,2.7,2,0.04411764705882353,0.001890359168241966,0.014218009478672985,0.06768875792282887,0.01417004048582996,0.0,0.041666666666666664,0.037037037037037035,0.00708502024291498,0.011336032388663968,0.10294117647058823,0.015087170317389362
00-0036590,Quintin Morris,TE,BUF,74.0,252.0,26.0,Bowling Green,00-0036590,2024,REG,0,0,0.0,0,0.0,0.0,0.0,0,0,0.0,0.0,0.0,0.0,0,0.0,0.0,0,0.0,0,0.0,0.0,0.0,0.0,0,5,8,36.0,1,0.0,0.0,74.0,22.0,3.0,1.334388125318358,0,5.151515151515151,0.2757184179085707,0.34604743881369043,0.6558108340324393,0.0,9.6,14.600000000000001,5,0.050955414012738856,0.07700312174817898,0.03308270676691729,0.1380356184176515,0.03498542274052478,0.1,0.057692307692307696,0.06451612903225806,0.06749271137026239,0.047988338192419835,0.22929936305732485,0.03195727356301712
00-0036628,John Bates,TE,WAS,78.0,259.0,27.2,Boise State,00-0036628,2024,REG,0,0,0.0,0,0.0,0.0,0.0,0,0,0.0,0.0,0.0,0.0,0,0.0,0.0,0,0.0,0,0.0,0.0,0.0,0.0,0,8,13,84.0,0,1.0,1.0,63.0,49.0,3.0,-0.6506347095710225,0,20.99047619047619,0.4134086569370054,0.23706763666993474,0.7860603310744625,0.0,6.4,14.4,10,0.039634146341463415,0.025819672131147543,0.04003267973856209,0.08010695721711315,0.03582089552238806,0.0,0.02586206896551724,0.022556390977443608,0.01791044776119403,0.02865671641791045,0.25609756097560976,0.015356723898901567
00-0036640,Zach Davidson,TE,BUF,79.0,251.0,26.5,Central Missouri,00-0036640,2024,REG,0,0,0.0,0,0.0,0.0,0.0,0,0,0.0,0.0,0.0,0.0,0,0.0,0.0,0,0.0,0,0.0,0.0,0.0,0.0,0,1,2,5.0,0,0.0,0.0,10.0,2.0,0.0,-0.7158418569015339,0,1.6666666666666667,0.08187134502923976,0.07429901811924283,0.17481633022732962,0.0,0.5,1.5,2,0.034482758620689655,0.02557544757033248,0.008658008658008658,0.07218449598730046,0.012077294685990338,0.0,0.0,0.0,0.006038647342995169,0.009661835748792272,0.08620689655172414,0.007950810982720238
00-0036741,Jack Stoll,TE,MIA,76.0,247.0,27.0,Nebraska,00-0036741,2024,REG,0,0,0.0,0,0.0,0.0,0.0,0,0,0.0,0.0,0.0,0.0,0,0.0,0.0,0,0.0,0,0.0,0.0,0.0,0.0,0,2,3,10.0,0,0.0,0.0,12.0,2.0,0.0,-0.6426957380608656,0,1.7714285714285714,0.12159709618874773,0.055445761967501096,0.22120767766037236,0.0,1.0,3.0,2,0.06,0.026490066225165563,0.014388489208633094,0.11119205298013245,0.025380710659898477,0.0,0.0,0.0,0.012690355329949238,0.020304568527918784,0.2,0.018920282542885972
00-0036754,Brock Wright,TE,DET,77.0,254.0,26.1,Notre Dame,00-0036754,2024,REG,0,0,0.0,0,0.0,0.0,0.0,0,0,0.0,0.0,0.0,0.0,0,0.0,0.0,0,0.0,0,0.0,0.0,0.0,0.0,0,13,16,100.0,2,0.0,0.0,81.0,75.0,7.0,3.079575998301152,0,13.24102564102564,0.660964953112661,0.41964109273736816,1.2851961945851493,0.0,22.0,35.0,10,0.05673758865248227,0.04607508532423208,0.0496031746031746,0.12196645123810906,0.0398406374501992,0.08695652173913043,0.0546875,0.059602649006622516,0.06339857959466481,0.049263814307985446,0.3546099290780142,0.03333333333333333
00-0036825,Feleipe Franks,TE,CAR,78.0,228.0,27.1,Arkansas,00-0036825,2024,REG,0,0,0.0,0,0.0,0.0,0.0,0,0,0.0,0.0,0.0,0.0,0,0.0,0.0,0,0.0,0,0.0,0.0,0.0,0.0,0,1,3,12.0,0,0.0,0.0,49.0,0.0,1.0,-2.8756259352667257,0,1.0,0.0779616724738676,0.14487637986852991,0.21835597461877232,0.0,1.2000000000000002,2.2,3,0.02459016393442623,0.04609595484477893,0.0,0.07376200977746249,0.015228426395939087,0.0,0.023809523809523808,0.020833333333333332,0.007614213197969543,0.01218274111675127,0.09836065573770492,0.007048571062411893
00-0036876,Kylen Granson,TE,IND,75.0,242.0,26.8,SMU,00-0036876,2024,REG,0,0,0.0,0,0.0,0.0,0.0,0,0,0.0,0.0,0.0,0.0,0,0.0,0.0,0,0.0,0,0.0,0.0,0.0,0.0,0,14,31,182.0,0,0.0,0.0,352.0,109.0,8.0,-8.418040324115788,0,12.14903381642512,1.0482980486460962,1.0933967269420906,2.3378247818286075,0.0,18.2,32.2,14,0.07259953161592506,0.07532634282045796,0.09732142857142857,0.16916037168025394,0.06394940267041462,0.0,0.064,0.05755395683453238,0.03197470133520731,0.051159522136331695,0.4262295081967213,0.03297355971081574
00-0036887,Luke Farrell,TE,JAC,77.0,250.0,27.2,Ohio State,00-0036887,2024,REG,0,0,0.0,0,0.0,0.0,0.0,0,0,0.0,0.0,0.0,0.0,0,0.0,0.0,0,0.0,0,0.0,0.0,0.0,0.0,0,12,17,67.0,0,0.0,0.0,82.0,30.0,4.0,-4.639005192555487,0,7.921593818368011,0.5513840229803227,0.2864381413670221,1.0275827334273995,0.0,6.7,18.7,10,0.05029585798816568,0.026675341574495772,0.031413612565445025,0.09678406024184513,0.03151458137347131,0.0,0.041666666666666664,0.0380952380952381,0.015757290686735655,0.02521166509877705,0.19822485207100593,0.026104922243627326
00-0037004,Hunter Long,TE,LAR,77.0,243.0,26.4,Boston College,00-0037004,2024,REG,0,0,0.0,0,0.0,0.0,0.0,0,0,0.0,0.0,0.0,0.0,0,0.0,0.0,0,0.0,0,0.0,0.0,0.0,0.0,0,7,9,60.0,0,0.0,0.0,31.0,30.0,2.0,2.2595970721449703,0,11.514285714285714,0.2968549495403715,0.13547978677099334,0.5401182750502527,1.0,12.0,19.0,7,0.039647577092511016,0.016630901287553648,0.04005340453938585,0.07277608666880944,0.036275695284159616,0.0,0.02631578947368421,0.022988505747126436,0.018137847642079808,0.029020556227327694,0.2643171806167401,0.031073169136165896
00-0037005,Tommy Tremble,TE,CAR,76.0,250.0,24.6,Notre Dame,00-0037005,2024,REG,0,0,0.0,0,0.0,0.0,0.0,0,0,0.0,0.0,0.0,0.0,0,0.0,0.0,0,0.0,0,0.0,0.0,0.0,0.0,0,23,32,234.0,2,1.0,1.0,182.0,125.0,12.0,4.989202184179937,0,13.216508954008955,0.9823700134675745,0.7792739771064878,2.019046804175903,0.0,33.400000000000006,56.4,10,0.09411764705882353,0.06743238236383846,0.12613521695257315,0.19512237647930605,0.10540540540540541,0.14285714285714285,0.1111111111111111,0.11475409836065574,0.12413127413127413,0.1128957528957529,0.6882352941176471,0.06765023389708527
00-0037086,Grant Calcaterra,TE,PHI,76.0,240.0,26.1,SMU,00-0037086,2024,REG,0,0,0.0,0,0.0,0.0,0.0,0,0,0.0,0.0,0.0,0.0,0,0.0,0.0,0,0.0,0,0.0,0.0,0.0,0.0,0,24,30,298.0,1,0.0,0.0,220.0,126.0,15.0,15.894599471706897,0,18.15351966873706,1.2872515394150876,1.128004596485504,2.720480526662484,0.0,35.800000000000004,59.800000000000004,13,0.08955223880597014,0.0830188679245283,0.10909090909090909,0.20074345254857787,0.10984150387025433,0.045454545454545456,0.11363636363636363,0.1038961038961039,0.0776480246623999,0.09696411218711257,0.8895522388059701,0.05130757086965475
00-0037252,Greg Dulcich,TE,NYG,76.0,245.0,24.8,UCLA,00-0037252,2024,REG,0,0,0.0,0,0.0,0.0,0.0,0,0,0.0,0.0,0.0,0.0,0,0.0,0.0,0,0.0,0,0.0,0.0,0.0,0.0,0,5,12,28.0,0,0.0,0.0,71.0,15.0,0.0,-7.604574148252141,0,1.753968253968254,0.35385281385281386,0.24458874458874458,0.7019913419913419,0.0,2.8000000000000003,7.8,3,0.11764705882352941,0.08432304038004751,0.06550218340611354,0.24392902053933213,0.06306306306306306,0.0,0.0,0.0,0.03153153153153153,0.05045045045045045,0.27450980392156865,0.05096040768326147
00-0037292,Andrew Ogletree,TE,IND,77.0,260.0,26.5,Youngstown State,00-0037292,2024,REG,0,0,0.0,0,0.0,0.0,0.0,0,0,0.0,0.0,0.0,0.0,0,0.0,0.0,0,0.0,0,0.0,0.0,0.0,0.0,0,9,14,109.0,1,0.0,0.0,150.0,50.0,6.0,1.291763301269384,0,9.51602564102564,0.5276319021480311,0.6054867945774813,1.2152886094262836,0.0,16.900000000000002,25.9,11,0.04129793510324484,0.04288164665523156,0.053304904051172705,0.0962522199790525,0.0461082910321489,0.06666666666666667,0.05309734513274336,0.0546875,0.056387478849407785,0.05021996615905246,0.3215339233038348,0.029463290332855552
00-0037304,Connor Heyward,TE,PIT,72.0,230.0,26.0,Michigan State,00-0037304,2024,REG,0,0,0.0,0,0.0,0.0,0.0,0,0,0.0,0.0,0.0,0.0,0,0.0,0.0,0,0.0,0,0.0,0.0,0.0,0.0,0,6,8,40.0,1,0.0,0.0,67.0,7.0,3.0,0.15502539626322687,0,5.4423076923076925,0.2966154462648151,0.25542723977361587,0.6237222372387539,0.0,10.0,16.0,5,0.05194805194805195,0.054339010543390104,0.01643192488262911,0.12139328635679,0.04158004158004158,0.2,0.06666666666666667,0.08,0.1207900207900208,0.07326403326403327,0.2597402597402597,0.04281738385784629
00-0037306,John FitzPatrick,TE,GBP,79.0,262.0,24.8,Georgia,00-0037306,2024,REG,0,0,0.0,0,0.0,0.0,0.0,0,0,0.0,0.0,0.0,0.0,0,0.0,0.0,0,0.0,0,0.0,0.0,0.0,0.0,0,1,1,2.0,0,0.0,0.0,2.0,0.0,0.0,-0.5207852334715426,0,1.0,0.045454545454545456,0.007194244604316547,0.07321778940483976,0.0,0.2,1.2,1,0.043478260869565216,0.007142857142857143,0.0,0.07093167701863354,0.012269938650306749,0.0,0.0,0.0,0.006134969325153374,0.0098159509202454,0.08695652173913043,0.013227513227513227
00-0037475,Stone Smartt,TE,LAC,76.0,226.0,26.3,Old Dominion,00-0037475,2024,REG,0,0,0.0,0,0.0,0.0,0.0,0,0,0.0,0.0,0.0,0.0,0,0.0,0.0,0,0.0,0,0.0,0.0,0.0,0.0,0,16,19,208.0,0,1.0,1.0,192.0,66.0,11.0,7.4363414367544465,0,8.733586738464787,0.6105937277655854,0.68905206887525,1.398227039861053,0.0,18.8,34.8,7,0.08189655172413793,0.09846153846153846,0.08955223880597014,0.20161405835543766,0.12142440163455925,0.0,0.1375,0.12359550561797752,0.06071220081727963,0.09713952130764741,0.896551724137931,0.060195115200996324
00-0037539,Lucas Krull,TE,DEN,78.0,260.0,26.5,Pittsburgh,00-0037539,2024,REG,0,0,0.0,0,0.0,0.0,0.0,0,0,0.0,0.0,0.0,0.0,0,0.0,0.0,0,0.0,0,0.0,0.0,0.0,0.0,0,19,23,152.0,0,0.0,0.0,118.0,67.0,7.0,4.494407331047114,0,17.023580586080584,0.7462800541281016,0.5630930099025884,1.5135851881239644,0.0,15.200000000000001,34.2,10,0.0701219512195122,0.04818293180890159,0.05342902711323764,0.14372927227638957,0.06764574988874054,0.0,0.06666666666666667,0.056451612903225805,0.03382287494437027,0.054116599910992436,0.4634146341463415,0.03998690487325788
00-0037569,Peyton Hendershot,TE,KCC,76.0,254.0,25.7,Indiana,00-0037569,2024,REG,0,0,0.0,0,0.0,0.0,0.0,0,0,0.0,0.0,0.0,0.0,0,0.0,0.0,0,0.0,0,0.0,0.0,0.0,0.0,0,5,5,51.0,0,0.0,0.0,19.0,32.0,2.0,2.676036292279605,0,4.125,0.19871464714918224,0.117357910906298,0.38022250835818194,0.0,5.1,10.1,4,0.03676470588235294,0.022700119474313024,0.06557377049180328,0.07330715440297983,0.05992949471210341,0.0,0.0392156862745098,0.034482758620689655,0.029964747356051705,0.04794359576968273,0.375,0.032295197288482444
00-0037805,Jeremy Ruckert,TE,NYJ,77.0,250.0,24.4,Ohio State,00-0037805,2024,REG,0,0,0.0,0,0.0,0.0,0.0,0,0,0.0,0.0,0.0,0.0,0,0.0,0.0,0,0.0,0,0.0,0.0,0.0,0.0,0,18,28,105.0,0,0.0,0.0,96.0,84.0,6.0,-1.5691975609755673,0,23.805591467356173,0.8702865315369547,0.4021857743463184,1.5869598393478548,0.0,10.5,28.5,13,0.06181015452538632,0.030226700251889168,0.05134474327628362,0.1168965919895908,0.03389283408650742,0.0,0.03870967741935484,0.0335195530726257,0.01694641704325371,0.02711426726920594,0.23178807947019867,0.025247603692351305
00-0038046,Charlie Kolar,TE,BAL,78.0,267.0,25.9,Iowa State,00-0038046,2024,REG,0,0,0.0,0,0.0,0.0,0.0,0,0,0.0,0.0,0.0,0.0,0,0.0,0.0,1,2.0,0,0.0,0.0,1.0,1.7189063577679917,0,9,11,131.0,1,0.0,0.0,66.0,76.0,4.0,8.18753102075425,0,39.872727272727275,0.3801166591735042,0.24239068937651018,0.7398484713238134,0.0,19.3,28.3,7,0.05339805825242718,0.03775743707093822,0.0815450643776824,0.11030303703539135,0.07221609702315325,0.05263157894736842,0.046511627906976744,0.047619047619047616,0.062423837985260834,0.06829919340799628,0.6359223300970874,0.037145932323524006
00-0038115,Daniel Bellinger,TE,NYG,78.0,255.0,24.3,San Diego State,00-0038115,2024,REG,0,0,0.0,0,0.0,0.0,0.0,0,0,0.0,0.0,0.0,0.0,0,0.0,0.0,0,0.0,0,0.0,0.0,0.0,0.0,0,14,17,125.0,0,0.0,0.0,69.0,53.0,8.0,5.347587408788968,0,20.05422647527911,0.45954768945750235,0.2985713422148404,0.8983214737366417,0.0,12.5,26.5,7,0.06538461538461539,0.045364891518737675,0.07181571815718157,0.13436883629191324,0.09667440061871617,0.0,0.12903225806451613,0.11940298507462686,0.048337200309358085,0.07733952049497295,0.4807692307692308,0.05989783463677049
00-0038394,Will Mallory,TE,IND,76.0,239.0,25.6,Miami (FL),00-0038394,2024,REG,0,0,0.0,0,0.0,0.0,0.0,0,0,0.0,0.0,0.0,0.0,0,0.0,0.0,0,0.0,0,0.0,0.0,0.0,0.0,0,4,8,29.0,0,0.0,0.0,83.0,4.0,1.0,-5.917482824093895,0,4.666666666666667,0.2579865475026765,0.23549624258220972,0.5518271910615615,0.0,2.9000000000000004,6.9,7,0.03389830508474576,0.03414232825997532,0.006622516556291391,0.0781613202350989,0.020293911826452064,0.0,0.014705882352941176,0.01282051282051282,0.010146955913226032,0.01623512946116165,0.1228813559322034,0.01319664919863826
00-0038547,Luke Schoonmaker,TE,DAL,77.0,250.0,26.3,Michigan,00-0038547,2024,REG,0,0,0.0,0,0.0,0.0,0.0,0,0,0.0,0.0,0.0,0.0,0,0.0,0.0,0,0.0,0,0.0,0.0,0.0,0.0,0,27,36,241.0,1,0.0,0.0,199.0,97.0,11.0,9.405915061652195,0,15.603710967158895,0.9018817816334026,0.6838722121409064,1.8315332209487385,0.0,30.1,57.1,10,0.09278350515463918,0.06994727592267136,0.07365223993925589,0.19513307847009587,0.09216061185468451,0.08333333333333333,0.09090909090909091,0.09022556390977443,0.08774697259400892,0.09039515615041427,0.6211340206185567,0.06879518072289156
00-0038558,Darnell Washington,TE,PIT,79.0,264.0,23.4,Georgia,00-0038558,2024,REG,0,0,0.0,0,0.0,0.0,0.0,0,0,0.0,0.0,0.0,0.0,0,0.0,0.0,0,0.0,0,0.0,0.0,0.0,0.0,0,19,25,200.0,1,0.0,0.0,108.0,126.0,9.0,8.605247256637085,0,24.67202380952381,0.9274971123884167,0.49601376244594597,1.7384553022947873,0.0,26.0,45.0,13,0.06561679790026247,0.03450479233226837,0.0945945945945946,0.12602903071620838,0.06971070059254096,0.0625,0.07377049180327869,0.07246376811594203,0.06610535029627049,0.06826856047403278,0.5249343832020997,0.043295874384236446
00-0038589,Josh Whyle,TE,TEN,79.0,248.0,25.3,Cincinnati,00-0038589,2024,REG,0,0,0.0,0,0.0,0.0,0.0,0,0,0.0,0.0,0.0,0.0,0,0.0,0.0,0,0.0,0,0.0,0.0,0.0,0.0,0,28,37,248.0,1,0.0,0.0,209.0,143.0,14.0,7.964634692963651,1,47.55602632661456,1.2071878916350838,0.803340232996249,2.3731200005499997,0.0,32.8,60.800000000000004,14,0.08428246013667426,0.0576710816777042,0.1125098347757671,0.17256055554717473,0.08367071524966262,0.058823529411764705,0.10071942446043165,0.09615384615384616,0.07124712233071366,0.07870127808208303,0.5649202733485194,0.06015275634176264
00-0038643,Brayden Willis,TE,SFO,76.0,240.0,25.2,Oklahoma,00-0038643,2024,REG,0,0,0.0,0,0.0,0.0,0.0,0,0,0.0,0.0,0.0,0.0,0,0.0,0.0,0,0.0,0,0.0,0.0,0.0,0.0,0,0,2,0.0,0,0.0,0.0,11.0,0.0,0.0,-1.4461409822688438,0,0.0,0.047619047619047616,0.03283582089552239,0.09441364605543709,0.0,0.0,0.0,1,0.046511627906976744,0.03283582089552239,0.0,0.09603609857688303,0.0,0.0,0.0,0.0,0.0,0.0,0.0,0.0
00-0038720,Julian Hill,TE,MIA,76.0,251.0,24.5,Campbell,00-0038720,2024,REG,0,0,0.0,0,0.0,0.0,0.0,0,0,0.0,0.0,0.0,0.0,0,0.0,0.0,0,0.0,0,0.0,0.0,0.0,0.0,0,12,19,100.0,0,1.0,0.0,120.0,58.0,5.0,4.2549151660641655,0,14.9008658008658,0.5586213713068368,0.5584510585465757,1.228847797942858,0.0,10.0,22.0,11,0.046341463414634146,0.04649360712901976,0.03680203045685279,0.10670708082516703,0.03473428273706148,0.0,0.03184713375796178,0.028735632183908046,0.01736714136853074,0.027787426189649186,0.24390243902439024,0.02227712746567297
00-0038783,Nate Adkins,TE,DEN,75.0,252.0,25.5,South Carolina,00-0038783,2024,REG,0,0,0.0,0,0.0,0.0,0.0,0,0,0.0,0.0,0.0,0.0,0,0.0,0.0,0,0.0,0,0.0,0.0,0.0,0.0,0,14,15,115.0,3,0.0,0.0,62.0,76.0,6.0,9.080914985155687,0,23.391666666666666,0.4774885791205136,0.28752914243530875,0.9175032683854866,0.0,29.5,43.5,12,0.03787878787878788,0.02117486338797814,0.04819277108433735,0.07375807252856434,0.04117436448263516,0.12,0.04878048780487805,0.060810810810810814,0.08058718224131758,0.05693949158610813,0.2904040404040404,0.04068766836276563
00-0038809,Ben Sims,TE,GBP,77.0,250.0,24.7,Baylor,00-0038809,2024,REG,0,0,0.0,0,0.0,0.0,0.0,0,0,0.0,0.0,0.0,0.0,0,0.0,0.0,0,0.0,0,0.0,0.0,0.0,0.0,0,4,5,42.0,0,0.0,0.0,40.0,16.0,1.0,2.154267674020957,0,4.6521739130434785,0.18448777531969382,0.18303742901021486,0.4048578632866911,0.0,4.2,8.200000000000001,4,0.044642857142857144,0.041407867494824016,0.03764705882352941,0.10009057971014493,0.04487179487179487,0.0,0.022222222222222223,0.018518518518518517,0.022435897435897436,0.0358974358974359,0.375,0.022159766511728463
00-0039041,Elijah Higgins,TE,ARI,75.0,235.0,24.2,Stanford,00-0039041,2024,REG,0,0,0.0,0,0.0,0.0,0.0,0,0,0.0,0.0,0.0,0.0,0,0.0,0.0,0,0.0,0,0.0,0.0,0.0,0.0,0,20,24,172.0,2,0.0,0.0,108.0,90.0,10.0,9.530997933354229,0,27.48095238095238,0.8391891100105153,0.5792740345923101,1.66427548923039,0.0,29.200000000000003,49.2,14,0.0547945205479452,0.03456,0.056962025316455694,0.10983978082191781,0.054707379134860054,0.14285714285714285,0.06451612903225806,0.07100591715976332,0.09878226099600146,0.07233733187931661,0.3926940639269406,0.042153603619041094
00-0039050,Payne Durham,TE,TBB,77.0,255.0,24.6,Purdue,00-0039050,2024,REG,0,0,0.0,0,0.0,0.0,0.0,0,0,0.0,0.0,0.0,0.0,0,0.0,0.0,0,0.0,0,0.0,0.0,0.0,0.0,0,11,14,115.0,2,1.0,0.0,124.0,24.0,5.0,10.39665140165016,0,7.742511472674176,0.38564016004001,0.4472310482677584,0.8915219738474458,0.0,23.5,34.5,5,0.08235294117647059,0.098256735340729,0.04047217537942664,0.2021348000372891,0.08582089552238806,0.2,0.07692307692307693,0.09333333333333334,0.14291044776119405,0.10865671641791046,0.6764705882352942,0.06610461774286262
00-0039066,Michael Mayer,TE,LVR,76.0,265.0,23.5,Notre Dame,00-0039066,2024,REG,0,0,0.0,0,0.0,0.0,0.0,0,0,0.0,0.0,0.0,0.0,0,0.0,0.0,0,0.0,0,0.0,0.0,0.0,0.0,0,21,32,156.0,0,0.0,0.0,197.0,61.0,8.0,-0.014009829477826585,0,9.581925774345256,0.895459051453297,0.7608177544130055,1.8757610052690492,0.0,15.600000000000001,36.6,11,0.07494145199063232,0.0657104736490994,0.04404332129963899,0.164980556905228,0.053497942386831275,0.0,0.055944055944055944,0.050955414012738856,0.026748971193415638,0.04279835390946502,0.36533957845433257,0.03999825144255989
00-0039074,Davis Allen,TE,LAR,78.0,251.0,23.9,Clemson,00-0039074,2024,REG,0,0,0.0,0,0.0,0.0,0.0,0,0,0.0,0.0,0.0,0.0,0,0.0,0.0,0,0.0,0,0.0,0.0,0.0,0.0,0,6,13,39.0,0,0.0,0.0,50.0,21.0,2.0,-3.993656551681507,0,2.388157894736842,0.3159738137679314,0.19753435471404776,0.6122347689517305,0.0,3.9000000000000004,9.9,6,0.051587301587301584,0.02736726874657909,0.02920723226703755,0.09927476737821565,0.024375,0.0,0.02631578947368421,0.024390243902439025,0.0121875,0.019500000000000003,0.15476190476190477,0.019545903257650543
00-0039144,Luke Musgrave,TE,GBP,78.0,253.0,24.4,Oregon State,00-0039144,2024,REG,0,0,0.0,0,0.0,0.0,0.0,0,0,0.0,0.0,0.0,0.0,0,0.0,0.0,0,0.0,0,0.0,0.0,0.0,0.0,0,7,10,45.0,0,0.0,0.0,66.0,18.0,2.0,-4.797618536302842,0,9.857142857142858,0.3591300070837276,0.24696796031791488,0.7115725828481317,0.0,4.5,11.5,7,0.04830917874396135,0.03552206673842842,0.024456521739130436,0.10088142150668478,0.028499050031665613,0.0,0.029411764705882353,0.02564102564102564,0.014249525015832806,0.02279924002533249,0.21739130434782608,0.01887225941971905
00-0039356,Ja'Tavion Sanders,TE,CAR,76.0,252.0,21.8,Texas,00-0039356,2024,REG,0,0,0.0,0,0.0,0.0,0.0,0,0,0.0,0.0,0.0,0.0,0,0.0,0.0,0,0.0,0,0.0,0.0,0.0,0.0,0,33,43,342.0,1,1.0,0.0,268.0,190.0,13.0,11.650561878045883,0,31.280091721458163,1.545543988211331,1.4212619300239935,3.3131993333337917,0.0,40.2,73.2,15,0.09052631578947369,0.06955618998183234,0.1516360734237829,0.19143442566967642,0.11573604060913706,0.05263157894736842,0.0896551724137931,0.08536585365853659,0.08418380977825274,0.10311514827678334,0.72,0.06646086798619938
00-0039359,Cade Stover,TE,HOU,76.0,251.0,24.6,Ohio State,00-0039359,2024,REG,0,0,0.0,0,0.0,0.0,0.0,0,0,0.0,0.0,0.0,0.0,0,0.0,0.0,0,0.0,0,0.0,0.0,0.0,0.0,0,15,22,133.0,1,0.0,0.0,118.0,94.0,5.0,4.6233361817430705,0,14.788571428571428,0.699797840731997,0.45132171812010125,1.3656219637820664,0.0,19.3,34.3,13,0.05128205128205128,0.03341829510053809,0.0689149560117302,0.1036577130035074,0.04380764163372859,0.07692307692307693,0.03424657534246575,0.03773584905660377,0.06036535927840276,0.05043072869159826,0.31002331002331,0.033406704715896914
00-0039420,Jaheim Bell,TE,NEP,74.0,241.0,23.6,Florida State,00-0039420,2024,REG,0,0,0.0,0,0.0,0.0,0.0,0,0,0.0,0.0,0.0,0.0,0,0.0,0.0,0,0.0,0,0.0,0.0,0.0,0.0,0,2,3,20.0,0,0.0,0.0,23.0,5.0,1.0,-0.005124380171764642,0,1.1176470588235294,0.08838233838233839,0.0889021839726065,0.1948050363543321,0.0,2.0,4.0,3,0.02727272727272727,0.027577937649880094,0.01366120218579235,0.06297144102899499,0.027434842249657063,0.0,0.025,0.022727272727272728,0.013717421124828532,0.021947873799725653,0.18181818181818182,0.015794045644791914
00-0039530,Brevyn Spann-Ford,TE,DAL,79.0,270.0,25.0,Minnesota,00-0039530,2024,REG,0,0,0.0,0,0.0,0.0,0.0,0,0,0.0,0.0,0.0,0.0,0,0.0,0.0,0,0.0,0,0.0,0.0,0.0,0.0,0,9,14,88.0,0,0.0,0.0,82.0,53.0,6.0,1.3320561994914897,0,6.075757575757576,0.34242190797068844,0.2986065802013567,0.7226574680969824,0.0,8.8,17.8,6,0.058577405857740586,0.0478134110787172,0.06279620853080568,0.12611683764958465,0.05137186223000584,0.0,0.075,0.06593406593406594,0.02568593111500292,0.041097489784004675,0.3682008368200837,0.03152004533220003
00-0039613,Dallin Holker,TE,NOS,75.0,241.0,24.8,Colorado State,00-0039613,2024,REG,0,0,0.0,0,0.0,0.0,0.0,0,0,0.0,0.0,0.0,0.0,0,0.0,0.0,0,0.0,0,0.0,0.0,0.0,0.0,0,3,4,21.0,0,0.0,0.0,36.0,13.0,1.0,-0.9445894827367738,0,0.2972972972972973,0.10918114143920596,0.10973739338620381,0.24058788752915158,0.0,2.1,5.1,2,0.0547945205479452,0.05172413793103448,0.05416666666666667,0.12357109116674539,0.0457516339869281,0.0,0.041666666666666664,0.038461538461538464,0.02287581699346405,0.036601307189542485,0.2876712328767123,0.03403176297878019
00-0039648,David Martin-Robinson,TE,TEN,75.0,247.0,25.0,Temple,00-0039648,2024,REG,0,0,0.0,0,0.0,0.0,0.0,0,0,0.0,0.0,0.0,0.0,0,0.0,0.0,0,0.0,0,0.0,0.0,0.0,0.0,0,1,2,6.0,0,0.0,0.0,0.0,6.0,1.0,0.2691091754240915,0,0.0,0.061553030303030304,0.0,0.09232954545454546,0.0,0.6000000000000001,1.6,2,0.030303030303030304,0.0,0.02702702702702703,0.045454545454545456,0.014285714285714285,0.0,0.05263157894736842,0.047619047619047616,0.007142857142857143,0.011428571428571429,0.09090909090909091,0.01053324555628703
00-0039737,Tip Reiman,TE,ARI,76.0,273.0,23.3,Illinois,00-0039737,2024,REG,0,0,0.0,0,0.0,0.0,0.0,0,0,0.0,0.0,0.0,0.0,0,0.0,0.0,0,0.0,0,0.0,0.0,0.0,0.0,0,6,7,37.0,0,0.0,0.0,12.0,29.0,1.0,0.4128676811233163,0,5.633333333333333,0.21967913030889302,0.05619330795389833,0.3688540110310683,0.0,3.7,9.7,5,0.04093567251461988,0.011976047904191617,0.04738562091503268,0.07098434709528312,0.03391384051329056,0.0,0.017857142857142856,0.01639344262295082,0.01695692025664528,0.027131072410632447,0.21637426900584794,0.023570005345774407
00-0039754,Devin Culp,TE,TBB,76.0,237.0,24.9,Washington,00-0039754,2024,REG,0,0,0.0,0,0.0,0.0,0.0,0,0,0.0,0.0,0.0,0.0,0,0.0,0.0,0,0.0,0,0.0,0.0,0.0,0.0,0,5,6,88.0,0,0.0,0.0,73.0,31.0,4.0,7.8495431828378335,0,2.6052173913043477,0.18951612903225806,0.2839403591377002,0.48303244494477726,0.0,8.8,13.799999999999999,2,0.09375,0.14065510597302505,0.14903846153846154,0.25314908477842,0.15172413793103448,0.0,0.14285714285714285,0.11428571428571428,0.07586206896551724,0.12137931034482759,1.375,0.05580266882329154
00-0039793,AJ Barner,TE,SEA,78.0,251.0,22.7,Michigan,00-0039793,2024,REG,0,0,0.0,0,0.0,0.0,0.0,0,0,0.0,0.0,0.0,0.0,0,0.0,0.0,0,0.0,0,0.0,0.0,0.0,0.0,0,30,38,245.0,4,0.0,0.0,136.0,164.0,18.0,11.08664151391713,0,33.639605407380344,1.1957061148059378,0.7484425220474016,2.317468937642088,0.0,48.5,78.5,14,0.07584830339321358,0.0387243735763098,0.0891304347826087,0.1447519539508682,0.06584251545283526,0.21052631578947367,0.0989010989010989,0.10945273631840796,0.13818441562115447,0.09477927552016294,0.48902195608782434,0.06330440953517628
00-0039814,Erick All,TE,CIN,77.0,255.0,24.3,Iowa,00-0039814,2024,REG,0,0,0.0,0,0.0,0.0,0.0,0,0,0.0,0.0,0.0,0.0,0,0.0,0.0,0,0.0,0,0.0,0.0,0.0,0.0,0,20,22,158.0,0,0.0,0.0,72.0,87.0,8.0,5.248246454517357,0,22.134920634920636,0.6892366602186228,0.31939363996794473,1.2574305383054956,0.0,15.8,35.800000000000004,8,0.08058608058608059,0.0374414976599064,0.08726178535606821,0.15083231900704602,0.07596153846153846,0.0,0.07079646017699115,0.06015037593984962,0.03798076923076923,0.06076923076923077,0.5787545787545788,0.04531645569620254
00-0039824,Jared Wiley,TE,KCC,78.0,249.0,24.2,TCU,00-0039824,2024,REG,0,0,0.0,0,0.0,0.0,0.0,0,0,0.0,0.0,0.0,0.0,0,0.0,0.0,0,0.0,0,0.0,0.0,0.0,0.0,0,1,1,7.0,0,0.0,0.0,4.0,3.0,0.0,-0.145088373683393,0,1.75,0.043478260869565216,0.045454545454545456,0.09703557312252964,0.0,0.7000000000000001,1.7000000000000002,1,0.04,0.038461538461538464,0.023255813953488372,0.09076923076923077,0.046357615894039736,0.0,0.0,0.0,0.023178807947019868,0.03708609271523179,0.28,0.02498530276308054
00-0039847,Theo Johnson,TE,NYG,78.0,264.0,23.9,Penn State,00-0039847,2024,REG,0,0,0.0,0,0.0,0.0,0.0,0,0,0.0,0.0,0.0,0.0,0,0.0,0.0,0,0.0,0,0.0,0.0,0.0,0.0,0,29,43,331.0,1,0.0,0.0,288.0,149.0,16.0,4.542643655178836,0,14.759313167132316,1.3497390330688295,1.361290912101165,2.9775121880740594,0.0,39.1,68.1,10,0.12044817927170869,0.11636363636363636,0.15250767656090072,0.2737631779984721,0.1530282015718909,0.16666666666666666,0.14814814814814814,0.14912280701754385,0.15984743411927876,0.15575589459084604,0.927170868347339,0.09197482509926798
00-0039912,Ben Sinnott,TE,WAS,76.0,247.0,22.6,Kansas State,00-0039912,2024,REG,0,0,0.0,0,0.0,0.0,0.0,0,0,0.0,0.0,0.0,0.0,0,0.0,0.0,0,0.0,0,0.0,0.0,0.0,0.0,0,5,5,28.0,1,0.0,0.0,9.0,19.0,2.0,1.4494866821332835,0,6.833333333333334,0.1982229767968308,0.056469680374390124,0.3368632414573193,0.0,8.8,13.8,4,0.046296296296296294,0.01125,0.04834605597964377,0.07844444444444444,0.03286384976525822,0.1111111111111111,0.046511627906976744,0.057692307692307696,0.07198748043818466,0.0485133020344288,0.25925925925925924,0.03458819990976991
